{
  "lang": "en",
  "name": "pipeline",
  "version": "0.0.0",
  "spacy_version": ">=3.8.6,<3.9.0",
  "description": "",
  "author": "",
  "email": "",
  "url": "",
  "license": "",
  "spacy_git_version": "911539e",
  "vectors": {
    "width": 0,
    "vectors": 0,
    "keys": 0,
    "name": null,
    "mode": "default"
  },
  "labels": {
    "tok2vec": [],
    "ner": [
      "Amenity",
      "Cuisine",
      "Dish",
      "Hours",
      "Location",
      "Price",
      "Rating",
      "Restaurant_Name"
    ]
  },
  "pipeline": [
    "tok2vec",
    "ner"
  ],
  "components": [
    "tok2vec",
    "ner"
  ],
  "disabled": [],
  "performance": {
    "ents_f": 0.7594728171334432,
    "ents_p": 0.7747899159663866,
    "ents_r": 0.7447495961227787,
    "ents_per_type": {
      "Restaurant_Name": {
        "p": 0.7745358090185677,
        "r": 0.7913279132791328,
        "f": 0.7828418230563002
      },
      "Location": {
        "p": 0.8287671232876712,
        "r": 0.7918848167539267,
        "f": 0.8099062918340028
      },
      "Cuisine": {
        "p": 0.8231173380035026,
        "r": 0.8117443868739206,
        "f": 0.817391304347826
      },
      "Dish": {
        "p": 0.6717325227963525,
        "r": 0.7106109324758842,
        "f": 0.6906249999999999
      },
      "Amenity": {
        "p": 0.6837416481069042,
        "r": 0.614,
        "f": 0.6469968387776607
      },
      "Rating": {
        "p": 0.7830188679245284,
        "r": 0.7477477477477478,
        "f": 0.7649769585253458
      },
      "Hours": {
        "p": 0.751412429378531,
        "r": 0.6186046511627907,
        "f": 0.6785714285714286
      },
      "Price": {
        "p": 0.8538461538461538,
        "r": 0.8222222222222222,
        "f": 0.8377358490566038
      }
    },
    "tok2vec_loss": 1362.9523480063526,
    "ner_loss": 5633.5546875
  }
}