{
  "lang": "en",
  "name": "pipeline",
  "version": "0.0.0",
  "spacy_version": ">=3.8.6,<3.9.0",
  "description": "",
  "author": "",
  "email": "",
  "url": "",
  "license": "",
  "spacy_git_version": "911539e",
  "vectors": {
    "width": 0,
    "vectors": 0,
    "keys": 0,
    "name": null,
    "mode": "default"
  },
  "labels": {
    "tok2vec": [],
    "ner": [
      "Amenity",
      "Cuisine",
      "Dish",
      "Hours",
      "Location",
      "Price",
      "Rating",
      "Restaurant_Name"
    ]
  },
  "pipeline": [
    "tok2vec",
    "ner"
  ],
  "components": [
    "tok2vec",
    "ner"
  ],
  "disabled": [],
  "performance": {
    "ents_f": 0.7532938076416338,
    "ents_p": 0.7682230433322136,
    "ents_r": 0.7389337641357028,
    "ents_per_type": {
      "Restaurant_Name": {
        "p": 0.8179271708683473,
        "r": 0.7913279132791328,
        "f": 0.8044077134986225
      },
      "Location": {
        "p": 0.8308115543328748,
        "r": 0.7905759162303665,
        "f": 0.8101945003353453
      },
      "Cuisine": {
        "p": 0.7887788778877888,
        "r": 0.8255613126079447,
        "f": 0.8067510548523207
      },
      "Dish": {
        "p": 0.7285714285714285,
        "r": 0.6559485530546624,
        "f": 0.6903553299492385
      },
      "Amenity": {
        "p": 0.639751552795031,
        "r": 0.618,
        "f": 0.6286876907426246
      },
      "Rating": {
        "p": 0.7842105263157895,
        "r": 0.6711711711711712,
        "f": 0.7233009708737865
      },
      "Hours": {
        "p": 0.6730769230769231,
        "r": 0.6511627906976745,
        "f": 0.6619385342789598
      },
      "Price": {
        "p": 0.8809523809523809,
        "r": 0.8222222222222222,
        "f": 0.8505747126436781
      }
    },
    "tok2vec_loss": 4168.855584179182,
    "ner_loss": 4933.890625
  }
}